,open,high,low,close,volume
2003-07-03 00:00:00+00:00,2.7407504187689886,2.7490746734148432,2.717858821694657,2.7407504187689886,95095.78
2003-07-04 00:00:00+00:00,2.7365879856139377,2.7573986199028457,2.726182771671241,2.7345068189832897,91637.26
2003-07-05 00:00:00+00:00,2.730345064733213,2.7428312396631145,2.7178586833997853,2.7261829376220703,84472.18
2003-07-06 00:00:00+00:00,2.730344818559468,2.75739853914091,2.709534184880086,2.7386688656277127,147170.14
2003-07-07 00:00:00+00:00,2.744911964350124,2.744911964350124,2.6991287799045014,2.7157770792643228,105038.44
2003-07-08 00:00:00+00:00,2.707453057339995,2.711615184135871,2.6866426297641266,2.692885716756185,84466.72
2003-07-09 00:00:00+00:00,2.6866422500577385,2.6866422500577385,2.645021194384844,2.6575073666042752,125975.98
2003-07-10 00:00:00+00:00,2.6471026000991236,2.6491837667551836,2.578427815712451,2.5909141964382596,174458.44
2003-07-11 00:00:00+00:00,2.5971574749862936,2.622130238278176,2.563860663667315,2.57010375128852,128964.16
2003-07-12 00:00:00+00:00,2.553454919875215,2.572184386776458,2.484780139102823,2.5430497063530817,168238.46
2003-07-13 00:00:00+00:00,2.5513742743081878,2.572184703918312,2.5409690595031256,2.5596985287136502,135159.18
2003-07-14 00:00:00+00:00,2.5513742743081878,2.5680227831191123,2.5409690595031256,2.5596985287136502,122058.3
2003-07-15 00:00:00+00:00,2.553455234707788,2.5784279979241744,2.526401511091801,2.5596985287136502,98166.9
2003-07-16 00:00:00+00:00,2.568022511639006,2.6408594203815037,2.5659413450558866,2.628373040093316,150663.76
2003-07-17 00:00:00+00:00,2.624210495524432,2.626291455372728,2.5846704007755217,2.5950758192274304,112960.12
2003-07-18 00:00:00+00:00,2.582590001904422,2.613805851233745,2.578427874900277,2.609643724229601,98941.96
2003-07-19 00:00:00+00:00,2.6054811214019176,2.613805373889998,2.595075908993559,2.6013189951578775,100542.0
2003-07-20 00:00:00+00:00,2.597156846198752,2.6595885329098348,2.590913760089036,2.6575073666042752,116182.82
2003-07-21 00:00:00+00:00,2.6575074091812945,2.682480166827219,2.647102196697235,2.655426449245877,153580.18
2003-07-22 00:00:00+00:00,2.657507835198862,2.701210064883268,2.6366974068946822,2.699129104614258,124250.1
2003-07-23 00:00:00+00:00,2.678317997642463,2.699128628680651,2.6533452403966375,2.6575073666042752,116135.5
2003-07-24 00:00:00+00:00,2.6491836950047536,2.694966883355878,2.6429404016091844,2.692885716756185,131048.06
2003-07-25 00:00:00+00:00,2.680399583010162,2.680399583010162,2.6283733028796905,2.6366975572374134,116576.2
2003-07-26 00:00:00+00:00,2.590913966185203,2.617967685485114,2.547211740730423,2.6138055589463978,143186.16
2003-07-27 00:00:00+00:00,2.6013189526300184,2.6637506388664676,2.6013189526300184,2.603399912516276,105611.48
2003-07-28 00:00:00+00:00,2.578427378181085,2.5888325904851817,2.553454620967076,2.580508338080512,119254.72
2003-07-29 00:00:00+00:00,2.572184069398051,2.642940007986491,2.5701031095117934,2.603399912516276,112774.22
2003-07-30 00:00:00+00:00,2.588833515663657,2.595076810400083,2.545131278122894,2.565941916571723,104400.14
2003-07-31 00:00:00+00:00,2.5596979228269072,2.628372695811187,2.545130377863756,2.6242105695936413,104482.56
2003-08-01 00:00:00+00:00,2.6366978191967623,2.653346123162708,2.586752494491824,2.6450220743815103,142154.48
2003-08-02 00:00:00+00:00,2.6324158229111045,2.678635383443487,2.6009024482988803,2.663929197523329,181921.48
2003-08-03 00:00:00+00:00,2.6492235236687867,2.7080484870904344,2.647122728861618,2.6681315104166665,131746.16
2003-08-04 00:00:00+00:00,2.661828523279618,2.6786355043595673,2.6387187419702296,2.659727520412869,111521.28
2003-08-05 00:00:00+00:00,2.6513244093874353,2.7290575705932003,2.6387192233705217,2.7017459869384766,161465.46
2003-08-06 00:00:00+00:00,2.6450212676589695,2.66603025394684,2.5967007033822678,2.617709689670139,229646.56
2003-08-07 00:00:00+00:00,2.6051048907604866,2.638719276470956,2.5546835205656344,2.5567845238579645,248089.66
2003-08-08 00:00:00+00:00,2.5420774293795554,2.5420774293795554,2.4370329195588756,2.4664454989963107,386333.74
2003-08-09 00:00:00+00:00,2.464344237384306,2.470647036501289,2.357198944474087,2.367703331841363,347604.92
2003-08-10 00:00:00+00:00,2.3635016642613236,2.4286294112582456,2.35509807056038,2.392914242214627,242773.96
2003-08-11 00:00:00+00:00,2.388712660241586,2.4685463908404532,2.386611657441962,2.422326829698351,213710.12
2003-08-12 00:00:00+00:00,2.403419022066545,2.4181252092558543,2.363502049663433,2.3719056447347007,199092.66
2003-08-13 00:00:00+00:00,2.735359599174056,2.7458639881442384,2.5084633804966425,2.5399767557779946,801077.68
2003-08-14 00:00:00+00:00,2.5882975260416665,2.6219116984431867,2.472748404692976,2.5882975260416665,386635.08
2003-08-15 00:00:00+00:00,2.5924992052464235,2.653424955057761,2.579893813032447,2.6219115787082248,215711.86
2003-08-16 00:00:00+00:00,2.6072053659354624,2.6639293177755583,2.5924991793514534,2.659727520412869,194771.46
2003-08-17 00:00:00+00:00,2.7059473343484037,2.7941848787892,2.7017457449662974,2.768974092271593,393017.04
2003-08-18 00:00:00+00:00,2.8404040742648973,2.8656148574857245,2.785780918990572,2.859312057495117,448888.7
2003-08-19 00:00:00+00:00,2.880321193615638,2.8950273804087754,2.817294440649836,2.846706814236111,287165.06
2003-08-20 00:00:00+00:00,2.813092683649233,2.869816637111045,2.7794785121575094,2.789982901679145,239051.8
2003-08-21 00:00:00+00:00,2.7563687164667177,2.79208368233666,2.659727583213796,2.6723329755995007,302020.94
2003-08-22 00:00:00+00:00,2.632416088249133,2.695442843826451,2.563086740462411,2.5882975260416665,320342.1
2003-08-23 00:00:00+00:00,2.573590775754924,2.626113134291314,2.5504809963427335,2.5525819990370007,162864.52
2003-08-24 00:00:00+00:00,2.569389172826247,2.581994564831674,2.52106881602832,2.5420775943332248,224863.08
2003-08-25 00:00:00+00:00,2.5735909607014587,2.6387187149713682,2.5462793823088274,2.5609857771131725,216926.06
2003-08-26 00:00:00+00:00,2.550481197553125,2.61140715493152,2.5336742165270234,2.600902557373047,211952.52
2003-08-27 00:00:00+00:00,2.579893964191896,2.674434098779738,2.5756921665410477,2.638718922932943,225642.3
2003-08-28 00:00:00+00:00,2.645021325354532,2.653424920052987,2.5903981681853825,2.600902557373047,130633.1
2003-08-29 00:00:00+00:00,2.552582341955511,2.6765348497039505,2.5378761546031514,2.6660304599338107,212901.0
2003-08-30 00:00:00+00:00,2.670232658889095,2.6912414415872865,2.550481722351826,2.5567845238579645,216736.78
2003-08-31 00:00:00+00:00,2.5630866999722337,2.579893890092894,2.4622439759899084,2.4790511661105685,229426.86
2003-09-01 00:00:00+00:00,2.4349324481478054,2.4475378410070774,2.3466951148745445,2.3740066952175565,305793.02
2003-09-02 00:00:00+00:00,2.4013176201501008,2.464344150502492,2.2962729166976654,2.344593471950955,311606.62
2003-09-03 00:00:00+00:00,2.218540800223633,2.395015691065619,2.073579498558944,2.138707054985894,896939.42
2003-09-04 00:00:00+00:00,2.138706687944797,2.1828254551764186,2.0588727480371785,2.1218994988335504,524884.36
2003-09-05 00:00:00+00:00,2.10299190856949,2.14921147889858,2.004249966630443,2.012653562757704,614555.24
2003-09-06 00:00:00+00:00,2.02105689570051,2.0294604907334444,1.9055079849247032,1.9517275492350261,685137.96
2003-09-07 00:00:00+00:00,1.972736280343828,2.002148862241909,1.9475257042305698,1.94962649875217,323411.4
2003-09-08 00:00:00+00:00,1.9664334833805184,2.0042494477929775,1.9664334833805184,1.9790388743082683,293613.32
2003-09-09 00:00:00+00:00,1.985341517470432,1.9874425201986914,1.9202139751979073,1.9328193664550781,322453.82
2003-09-10 00:00:00+00:00,1.9202143648518748,1.962232135864652,1.9013063783146669,1.911810768975152,420671.68
2003-09-11 00:00:00+00:00,1.8466831824704235,1.8823983601612149,1.7122260674428365,1.8025644090440538,711209.98
2003-09-12 00:00:00+00:00,1.7689499760318013,1.7752525677272695,1.6218875930718433,1.6786115434434679,637491.14
2003-09-13 00:00:00+00:00,1.6849144138100813,1.901306265497833,1.67441002377289,1.808866924709744,535121.6
2003-09-14 00:00:00+00:00,1.8403802530114666,1.859288237911187,1.720629543066025,1.7479411231146917,442441.48
2003-09-15 00:00:00+00:00,1.7311338812998625,1.8067659182816262,1.6933178107162803,1.7164275911119249,334034.74
2003-09-16 00:00:00+00:00,1.697519663035775,1.7227303428483536,1.6239884180791342,1.684914271036784,459183.14
2003-09-17 00:00:00+00:00,1.6786117094459323,1.7311340761285265,1.6365939411223516,1.6470984352959528,385000.98
2003-09-18 00:00:00+00:00,1.611383134488649,1.6513000008859273,1.5819706572659893,1.6071813371446397,372604.7
2003-09-19 00:00:00+00:00,1.6365940158052679,1.666006496648123,1.6239886222217228,1.6407958136664496,219551.28
2003-09-20 00:00:00+00:00,1.6344930850887747,1.6513001720212381,1.5861726189957042,1.5903744167751737,113024.86
2003-09-21 00:00:00+00:00,1.598777951760816,1.6260895321071929,1.525246701776825,1.5924752553304036,412484.28
2003-09-22 00:00:00+00:00,1.5735672703358174,1.6029797514418025,1.5483565871286042,1.5630628797743056,287058.2
2003-09-23 00:00:00+00:00,1.5525584728358164,1.632392324871411,1.5483566746994024,1.6260897318522136,323198.72
2003-09-24 00:00:00+00:00,1.6071814916913576,1.6807127439114806,1.5735672138923371,1.6681073506673176,320796.58
2003-09-25 00:00:00+00:00,1.609281968153857,1.613483764799005,1.5546588201377067,1.5756676991780598,486415.54
2003-09-26 00:00:00+00:00,1.5840717509113302,1.6702082945093046,1.5819708519807394,1.6407958136664496,339774.5
2003-09-27 00:00:00+00:00,1.62819022438018,1.6407956164486015,1.5294484032524958,1.5294484032524958,346657.48
2003-09-28 00:00:00+00:00,1.5126412171462933,1.5525580809970538,1.5021367244564103,1.5441545910305448,293710.82
2003-09-29 00:00:00+00:00,1.5336501292253566,1.5504572136822337,1.4685224816073346,1.4727242787679036,297648.26
2003-09-30 00:00:00+00:00,1.4643207429058502,1.4958341186828064,1.4181011806651966,1.4559172524346247,293388.68
2003-10-01 00:00:00+00:00,1.4790271064083886,1.4979350911317642,1.3991932657941921,1.4202021492852106,323909.56
2003-10-02 00:00:00+00:00,1.4370092180855145,1.4769261900087767,1.4075968440604676,1.4096976386176214,275132.0
2003-10-03 00:00:00+00:00,1.5735673488632236,1.575668247917453,1.495834396413008,1.5126415888468425,538933.2
2003-10-04 00:00:00+00:00,1.487430769489947,1.5231459484891272,1.4706236815884965,1.4916325675116644,334881.82
2003-10-05 00:00:00+00:00,1.4895315780192808,1.518943951956559,1.472724388128942,1.5021368662516277,337300.86
2003-10-06 00:00:00+00:00,1.5084395206571977,1.6029795444287414,1.504237723301057,1.5294484032524958,381611.1
2003-10-07 00:00:00+00:00,1.607288288637258,1.6725055246983813,1.5883542961121995,1.6114958657158747,570632.92
2003-10-08 00:00:00+00:00,1.60939224069553,1.6451565451688124,1.5483825755142626,1.565212885538737,474119.36
2003-10-09 00:00:00+00:00,1.5399673551731718,1.5673165016211723,1.4936841120335995,1.5042030546400282,482693.38
2003-10-10 00:00:00+00:00,1.4852693148627787,1.4999957326874462,1.4516087971265972,1.4558163748847113,182027.04
2003-10-11 00:00:00+00:00,1.4705423245514082,1.5589011163559383,1.4242591926041919,1.5546935399373372,337580.36
2003-10-12 00:00:00+00:00,1.510514515656966,1.5294485092163084,1.4621274809384137,1.5294485092163086,311424.36
2003-10-13 00:00:00+00:00,1.5126181819730644,1.6093920349258135,1.5126181819730644,1.5799391004774306,316344.08
2003-10-14 00:00:00+00:00,1.5820430958969,1.6030808791607671,1.5462788956469435,1.5925620396931965,281739.9
2003-10-15 00:00:00+00:00,1.5694204225582222,1.7208925828985802,1.5589014790642848,1.6935434341430664,336320.66
2003-10-16 00:00:00+00:00,1.6872318739304475,1.7250999618231697,1.6367411596259585,1.6956470277574327,319667.4
2003-10-17 00:00:00+00:00,1.7229961444303874,1.737722663380294,1.6788167962380862,1.731411298116048,312217.88
2003-10-18 00:00:00+00:00,1.7987323358320297,1.849223049762629,1.7440339406903858,1.8387040032280817,467179.44
2003-10-19 00:00:00+00:00,1.8744682059952962,1.9018173499951965,1.7924207739955957,1.8008359273274739,382149.04
2003-10-20 00:00:00+00:00,1.7924210953510706,1.842911815737196,1.72089259219218,1.7882135179307725,302396.38
2003-10-21 00:00:00+00:00,1.788213815978092,1.8828840107276044,1.786110131246039,1.8807803259955511,292087.9
2003-10-22 00:00:00+00:00,1.8660536982412514,1.8828840107276044,1.8344969666580806,1.8807803259955511,209740.18
2003-10-23 00:00:00+00:00,1.8534308974912892,1.8934025707284974,1.8429118494195675,1.8723648918999567,212363.06
2003-10-24 00:00:00+00:00,1.8744683947632461,1.8786759718529085,1.8302891483079367,1.8366004096137152,244551.32
2003-10-25 00:00:00+00:00,1.8323927260299102,1.8934022772981447,1.8218738882457985,1.8891947004530165,219090.82
2003-10-26 00:00:00+00:00,1.8723650748111522,1.9333746414943722,1.8408083448281154,1.9228558010525174,275059.72
2003-10-27 00:00:00+00:00,1.9417896621178388,1.9459972397331313,1.8997140946223692,1.90602535671658,241109.7
2003-10-28 00:00:00+00:00,1.8891952379638828,1.8912991313137526,1.8008365163913378,1.8218744066026475,281247.2
2003-10-29 00:00:00+00:00,1.8281852554343903,1.8597419792781429,1.8113549470757409,1.8366004096137152,188203.34
2003-10-30 00:00:00+00:00,1.8155627102456187,1.8870913194435421,1.8113551327247146,1.8471194373236761,234862.16
2003-10-31 00:00:00+00:00,1.8618454434986502,1.9375816135061592,1.8597417595311054,1.927062776353624,291997.16
2003-11-01 00:00:00+00:00,1.8891951488064298,1.893402726650122,1.8408083165901712,1.8786763085259333,238253.34
2003-11-02 00:00:00+00:00,1.8723648918999567,1.9207517201315616,1.819770277513702,1.8723648918999567,297616.02
2003-11-03 00:00:00+00:00,1.8891949031771336,1.952308353969166,1.8681572253514167,1.9144403669569228,224729.96
2003-11-04 00:00:00+00:00,2.091157860551908,2.2657715774655336,2.0532896671800613,2.1374409993489585,906462.7
2003-11-05 00:00:00+00:00,2.1458565211124236,2.1942433523922382,2.0953657966227457,2.1437526279025607,411220.68
2003-11-06 00:00:00+00:00,2.160582546123064,2.17530896128475,2.124818245975094,2.1479598151312933,268434.14
2003-11-07 00:00:00+00:00,2.156375043149704,2.240526377326156,2.139544734582927,2.2363188001844616,267340.06
2003-11-08 00:00:00+00:00,2.2447336850610284,2.29522460939492,2.194242969384564,2.2026581234402127,313264.9
2003-11-09 00:00:00+00:00,2.192139335435686,2.1963469125599335,2.0974691631262647,2.1164031558566623,282630.92
2003-11-10 00:00:00+00:00,2.105884646097918,2.1248186417838637,2.007006881229685,2.063809076944987,308228.7
2003-11-11 00:00:00+00:00,2.076431750464862,2.135337420387379,2.068016595145229,2.1100921630859375,183787.5
2003-11-12 00:00:00+00:00,2.118506914983241,2.1353370137601324,2.084846300114619,2.099572923448351,174517.98
2003-11-13 00:00:00+00:00,2.0995730511298487,2.19213933033296,2.093261581129452,2.1816204918755426,257236.2
2003-11-14 00:00:00+00:00,2.1647901536514436,2.1668938378510285,2.0932615523466995,2.112195544772678,242806.46
2003-11-15 00:00:00+00:00,2.129026046239287,2.162686457089819,2.116403313923794,2.122714784410265,203695.7
2003-11-16 00:00:00+00:00,2.1100919088859307,2.1353371631461098,2.0932616002741886,2.1311297946506076,165277.84
2003-11-17 00:00:00+00:00,2.1227146937239794,2.1311298482414633,2.105884384689011,2.124818378024631,126486.36
2003-11-18 00:00:00+00:00,2.1100921630859375,2.1458564688656505,2.1037809009249417,2.1100921630859375,128786.32
2003-11-19 00:00:00+00:00,2.1142999687226602,2.1416491221316947,2.101677234382149,2.1395452287462025,131927.38
2003-11-20 00:00:00+00:00,2.434074090845476,2.471942076457552,2.2678755240747552,2.2762904696994357,754604.24
2003-11-21 00:00:00+00:00,2.3607782912982973,2.384845464834163,2.303892017132693,2.3323351542154946,259976.5
2003-11-22 00:00:00+00:00,2.369530151160803,2.3914095528865063,2.327959538270894,2.3804698520236545,272083.5
2003-11-23 00:00:00+00:00,2.367342100109975,2.3739060456304255,2.2601334938318094,2.2732611762152777,227155.26
2003-11-24 00:00:00+00:00,2.2863889452796773,2.301704611481657,2.1988717469431904,2.247006310356988,222500.5
2003-11-25 00:00:00+00:00,2.2579453420825724,2.3017041409630203,2.2360661512997653,2.27107302347819,174407.26
2003-11-26 00:00:00+00:00,2.271072942036023,2.3126435490927992,2.0960383787633363,2.163864347669813,446959.0
2003-11-27 00:00:00+00:00,2.0260244838916406,2.109165900382932,1.980077917111121,1.9932053883870442,514444.26
2003-11-28 00:00:00+00:00,1.9866421331990631,2.0675955878363714,1.9844541512381357,2.0675955878363714,318702.76
2003-11-29 00:00:00+00:00,2.043502529109064,2.120161336244233,2.032551241107119,2.098258760240343,218796.76
2003-11-30 00:00:00+00:00,2.0697860519568096,2.1946304345685324,2.043503079006579,2.1683472527398004,265126.0
2003-12-01 00:00:00+00:00,2.174917485096263,2.22091272586163,2.1157806574500313,2.1376832326253257,248423.76
2003-12-02 00:00:00+00:00,2.1311130687892526,2.201201208164388,2.124542377524821,2.1946305168999567,185411.26
2003-12-03 00:00:00+00:00,2.255957285563151,2.2997622388124515,2.234054704499254,2.255957285563151,334677.0
2003-12-04 00:00:00+00:00,2.253766676117917,2.2888106339039407,2.1683468723556354,2.181488460964627,472985.26
2003-12-05 00:00:00+00:00,2.188059107597087,2.2581472306627624,2.1836787173996166,2.234054353502062,229118.76
2003-12-06 00:00:00+00:00,2.2384351927352166,2.264718163375269,2.220913212308515,2.2318642934163413,136702.26
2003-12-07 00:00:00+00:00,2.218722409867431,2.262527351009849,2.2165321105907014,2.2384346856011286,120925.0
2003-12-08 00:00:00+00:00,2.234054369597726,2.262527637161038,2.2187226904784283,2.249386257595486,126297.26
2003-12-09 00:00:00+00:00,2.2384349372219523,2.2428153273893727,2.1727274136829733,2.1858687930636935,203908.76
2003-12-10 00:00:00+00:00,2.1814886894412715,2.2187229507082415,2.148635027795586,2.1639667087131076,124319.26
2003-12-11 00:00:00+00:00,2.179298189713515,2.2231031375154937,2.1749177993725506,2.2121520572238498,119062.0
2003-12-12 00:00:00+00:00,2.2077714293041444,2.2296740073596415,2.1683468723556354,2.181488460964627,137870.76
2003-12-13 00:00:00+00:00,2.181488661447231,2.192439951481423,2.1464447004406066,2.166156980726454,112998.5
2003-12-14 00:00:00+00:00,2.185868977297119,2.1968202669563754,2.1727275968087927,2.188059277004666,121297.76
2003-12-15 00:00:00+00:00,2.1946300781030583,2.21872274717453,2.1902494788836266,2.2121520572238498,128365.0
2003-12-16 00:00:00+00:00,2.2033910925280087,2.251576431214708,2.199010493259143,2.242815441555447,129370.5
2003-12-17 00:00:00+00:00,2.2471960154654327,2.251576405806397,2.1902494788836266,2.2121520572238498,140348.76
2003-12-18 00:00:00+00:00,2.2121516145969777,2.2165320040614747,2.1836783520032568,2.1968197292751737,102585.26
2003-12-19 00:00:00+00:00,2.205580561593959,2.220912445834899,2.1858682881973306,2.192439185248481,108143.0
2003-12-20 00:00:00+00:00,2.0829273352594964,2.089498025307053,2.004078219174928,2.0785467359754772,440020.5
2003-12-21 00:00:00+00:00,2.047883509890956,2.0610248908420394,1.9975076592358445,2.0194102393256292,207926.76
2003-12-22 00:00:00+00:00,2.025980673125647,2.028170972632829,1.9887464170173859,2.0062683953179254,134678.5
2003-12-23 00:00:00+00:00,1.9975077311197917,2.028171302573278,1.9931273402712888,1.9975077311197917,137037.0
2003-12-24 00:00:00+00:00,2.004078555443733,2.017220146622375,1.9690345908053628,1.971224890814887,171153.0
2003-12-25 00:00:00+00:00,1.9734150343681884,1.9821760248331926,1.9252294823714218,1.9668441348605685,207366.76
2003-12-26 00:00:00+00:00,1.9799854852689762,2.012839143315336,1.969034196294035,2.0018880632188587,150590.0
2003-12-27 00:00:00+00:00,2.0062687216952892,2.0106493214222834,1.9843663496957917,1.9975077311197917,120162.76
2003-12-28 00:00:00+00:00,1.999698011437997,2.047883563571506,1.9931273207902198,2.047883563571506,128772.76
2003-12-29 00:00:00+00:00,2.025981065766784,2.0478836473264725,2.0106493840021002,2.041312747531467,167806.26
2003-12-30 00:00:00+00:00,2.0369323287180747,2.0522640102732965,2.019410347261108,2.043503019544813,101261.5
2003-12-31 00:00:00+00:00,2.0391226564782965,2.0478836473264725,2.0172200749186078,2.041312747531467,71962.76
2004-01-01 00:00:00+00:00,2.0194103119977806,2.021600402982786,1.966844159666306,1.9975077311197917,155945.0
2004-01-02 00:00:00+00:00,1.997507312679735,2.1004490870363384,1.995317013275064,2.0960684882269964,185724.26
2004-01-03 00:00:00+00:00,2.0960684620617975,2.133302715962616,2.0894977728082544,2.1311124165852866,165023.76
2004-01-04 00:00:00+00:00,2.2406253425435922,2.3063328753106465,2.1814887092681854,2.227483961317274,442963.76
2004-01-05 00:00:00+00:00,2.2231031375154937,2.282239973707016,2.209961757614134,2.2121520572238498,248436.0
2004-01-06 00:00:00+00:00,2.223103345110913,2.2778595871961915,2.207771664168151,2.2450059254964194,198064.5
2004-01-07 00:00:00+00:00,2.2559571396315214,2.2997620900472007,2.2428155500675775,2.2997620900472007,172038.76
2004-01-08 00:00:00+00:00,2.242815330474513,2.2975715653525732,2.236244640775114,2.284430185953776,109079.5
2004-01-09 00:00:00+00:00,2.264718179992455,2.2690985706920292,2.2033912480490176,2.214342329237196,142235.5
2004-01-10 00:00:00+00:00,2.2077712876796673,2.2450055426584243,2.2077712876796673,2.225293265448676,118373.26
2004-01-11 00:00:00+00:00,2.214341890947752,2.2362444667458554,2.194629823383591,2.199010213216146,148749.5
2004-01-12 00:00:00+00:00,2.194629783570546,2.2296737371090196,2.1398735539470706,2.218722449408637,157825.5
2004-01-13 00:00:00+00:00,2.1573960459006383,2.205581389083439,2.1508251463842196,2.1617764366997614,150340.0
2004-01-14 00:00:00+00:00,2.177107900089838,2.266908304593879,2.1705372101090195,2.260337405734592,176301.26
2004-01-15 00:00:00+00:00,2.2231033176080732,2.2756694681072753,2.2165326271251047,2.2471961975097656,134291.0
2004-01-16 00:00:00+00:00,2.2384347254936383,2.253766402947111,2.2033907719551644,2.218722449408637,136263.76
2004-01-17 00:00:00+00:00,2.1924400608374226,2.2252937237002097,2.1858691611620698,2.190249760945638,92656.26
2004-01-18 00:00:00+00:00,2.1705373992665473,2.2033912697907194,2.1420641283636592,2.1639667087131076,130517.76
2004-01-19 00:00:00+00:00,2.181488460964627,2.181488460964627,2.1464445031786026,2.181488460964627,151033.5
2004-01-20 00:00:00+00:00,2.179298543688689,2.2165328075878077,2.163966861687346,2.1683472527398004,129110.26
2004-01-21 00:00:00+00:00,2.1486350957227307,2.1530154866040103,2.074166570834536,2.0938788519965277,142103.76
2004-01-22 00:00:00+00:00,2.107020336033022,2.120161927073234,2.067595771790891,2.0697860717773438,118832.76
2004-01-23 00:00:00+00:00,2.0610244877047905,2.089497752700735,2.0303611322310378,2.0500731998019748,180529.26
2004-01-24 00:00:00+00:00,2.0391225147509378,2.0566444952294405,2.00407834491545,2.0522638956705728,111470.0
2004-01-25 00:00:00+00:00,2.0522638245975604,2.0829273938122554,2.0347418447258705,2.0741664038764105,126328.5
2004-01-26 00:00:00+00:00,2.045693006873374,2.0741662746099743,2.036932017483532,2.0675953759087458,115844.76
2004-01-27 00:00:00+00:00,2.036932389972444,2.0894983359241,2.0259810990128897,2.0873080359564886,118185.0
2004-01-28 00:00:00+00:00,2.1048299450725008,2.1902497609456386,2.1004495541674264,2.190249760945638,153511.76
2004-01-29 00:00:00+00:00,2.2055813324196647,2.2099619319847346,2.1508250911271927,2.166156980726454,102908.5
2004-01-30 00:00:00+00:00,2.166156894630903,2.190249564645755,2.139873924920571,2.172727584838867,96320.0
2004-01-31 00:00:00+00:00,2.168346814637094,2.201200680845813,2.1508248362104943,2.1858687930636935,102711.5
2004-02-01 00:00:00+00:00,2.2012004852294926,2.2669080029291746,2.190249197466472,2.201200485229492,130667.76
2004-02-02 00:00:00+00:00,2.212152422114666,2.234054795189181,2.181488849156142,2.2165328131781683,97394.26
2004-02-03 00:00:00+00:00,2.207771371593724,2.275669194688166,2.1946299922067087,2.2515763176812067,137425.26
2004-02-04 00:00:00+00:00,2.269098426139413,2.3041425938959494,2.2450057566303614,2.2581473456488714,155289.26
2004-02-05 00:00:00+00:00,2.2515764589707947,2.2647180480609226,2.229674088991879,2.240625169542101,85887.76
2004-02-06 00:00:00+00:00,2.2340541396401132,2.2428151280748416,2.1946297961230563,2.201200485229492,115125.76
2004-02-07 00:00:00+00:00,2.2143422955892675,2.284430425623803,2.209961904956255,2.2822401258680554,183909.0
2004-02-08 00:00:00+00:00,2.2931912174886246,2.3238545759038645,2.262527650194921,2.264717949761285,151541.76
2004-02-09 00:00:00+00:00,2.2931910356683876,2.3435666684298426,2.2931910356683876,2.3282349904378257,164903.76
2004-02-10 00:00:00+00:00,2.3369964065796363,2.3457573968744287,2.2888108555190345,2.295381546020508,163940.0
2004-02-11 00:00:00+00:00,2.2910008735991707,2.3063325525101748,2.249386227035677,2.2515763176812067,91497.0
2004-02-12 00:00:00+00:00,2.247195673829612,2.251576063504636,2.212151720915678,2.2384346856011286,88740.5
2004-02-13 00:00:00+00:00,2.2384349687052185,2.275669225605052,2.234054369597726,2.249386257595486,85320.0
2004-02-14 00:00:00+00:00,2.242815203075317,2.28662014671381,2.242815203075317,2.277859157986111,83208.26
2004-02-15 00:00:00+00:00,2.277859604027163,2.3019754621717663,2.2734747885029556,2.3019754621717663,110051.0
2004-02-16 00:00:00+00:00,2.3282835056011444,2.3502071629682586,2.3085522557866405,2.3304759131537542,99813.76
2004-02-17 00:00:00+00:00,2.3304763536864446,2.3502076072307703,2.317322114963716,2.328283945719401,75304.26
2004-02-18 00:00:00+00:00,2.3370527464850355,2.3370527464850355,2.3107444851212393,2.3260909186469183,55439.0
2004-02-19 00:00:00+00:00,2.3107448841406693,2.3129372919027724,2.2734747885029556,2.3019754621717663,75669.26
2004-02-20 00:00:00+00:00,2.284436493938556,2.2866289015813717,2.2230505434962273,2.236204571194119,120357.76
2004-02-21 00:00:00+00:00,2.2186660631490973,2.2559361623853977,2.201127217517842,2.24716673956977,88639.5
2004-02-22 00:00:00+00:00,2.255935821820457,2.2866289015813717,2.231819964987989,2.236204571194119,97754.26
2004-02-23 00:00:00+00:00,2.240589541018233,2.2603207930054796,2.214281274728409,2.2164734734429254,84175.26
2004-02-24 00:00:00+00:00,2.231820096982614,2.2778596148071113,2.22305067497221,2.2734747992621527,97988.76
2004-02-25 00:00:00+00:00,2.247166706266384,2.266897959579009,2.2362048756394226,2.25155152214898,105237.76
2004-02-26 00:00:00+00:00,2.2427817014413023,2.280051796985445,2.238397095007615,2.275667190551758,98833.0
2004-02-27 00:00:00+00:00,2.2734746130121697,2.2734746130121697,2.1879725986056853,2.1879725986056857,134207.5
2004-02-28 00:00:00+00:00,2.194549899646747,2.2340121923282474,2.183588070370968,2.205511728922526,112888.0
2004-02-29 00:00:00+00:00,2.209896368078568,2.2340122255806345,2.198934538639626,2.201126946343316,86634.76
2004-03-01 00:00:00+00:00,2.203319485379479,2.242781781000575,2.203319485379479,2.2383971744113498,108317.26
2004-03-02 00:00:00+00:00,2.253743900997817,2.341438343937377,2.2515517019609756,2.3348611195882163,185745.76
2004-03-03 00:00:00+00:00,2.3195142110383644,2.3458224758667603,2.3107447894288993,2.3414378696017795,112243.76
2004-03-04 00:00:00+00:00,2.3304760431731637,2.339245464793365,2.271282290427177,2.286628935072157,115302.5
2004-03-05 00:00:00+00:00,2.295398431555162,2.3129372753675814,2.2800517864096617,2.3041678534613714,67539.5
2004-03-06 00:00:00+00:00,2.3019754563924155,2.3195143002861873,2.275667190551758,2.275667190551758,93423.5
2004-03-07 00:00:00+00:00,2.277859571489281,2.3195142729766767,2.2537435046096492,2.3063602447509766,113286.26
2004-03-08 00:00:00+00:00,2.3589768972477776,2.3655539116991977,2.203319494700696,2.291013717651367,431185.26
2004-03-09 00:00:00+00:00,2.273474875478451,2.299783142391624,2.1879728512009984,2.209896511501736,219804.26
2004-03-10 00:00:00+00:00,2.194550425163834,2.2098968643771513,2.1528955057568964,2.1923580169677734,160741.0
2004-03-11 00:00:00+00:00,2.1463180219963522,2.1507028374318593,2.1068555193948204,2.11781734890408,175608.0
